sent_at,subject,email_id,text
2026-07-28T09:16:05.641Z,Portfolio Digest — 2026-07-28 (14 updates),ede4ce2e-c1f7-4b06-8b57-ef1d7e2d4f28,"PORTFOLIO DIGEST — 2026-07-28 (14 updates)

POWER & UTILITIES
- Bernstein initiated/reiterated 'Outperform' on Tata Power, JSW Energy and NTPC, with target prices implying 23-34% upside (Tata Power Rs 430, JSW Energy Rs 623, NTPC Rs 450). Published July 22, 2026.
  https://www.businesstoday.in/markets/stocks/story/tata-power-adani-green-ntpc-jsw-energy-shares-bernstein-targets-what-investors-should-chase-544422-2026-07-22

INDUSTRIALS & CAPITAL GOODS
- ABB India hit a fresh all-time high (Rs 7,924.50, +10%) on July 16, 2026 after parent ABB Ltd reported 81% YoY India order-inflow growth in Q2 2026, well ahead of the ~20% analysts expected. ABB India's own Q1 FY27 results are due July 31.
  https://www.business-standard.com/amp/markets/capital-market-news/abb-india-spurts-after-parent-highlights-robust-india-order-inflows-126071600737_1.html

METALS & MINING
- JSW Steel Q1 FY27: consolidated net profit more than doubled YoY to Rs 4,696 crore (from Rs 2,209 crore), revenue up to Rs 47,364 crore, EBITDA +38% YoY to Rs 9,383 crore on record Q1 sales volumes. Reported July 17, 2026.
  https://www.business-standard.com/companies/quarterly-results/jsw-steel-q1fy27-profit-revenue-ebitda-results-126071700690_1.html

INTERNET
- Eternal (Zomato) Q1 FY27: net profit Rs 92 crore, revenue +182% YoY to Rs 20,211 crore, driven by food delivery and Blinkit quick-commerce growth. Also announced transfer of its 'Nugget' business to subsidiary Carthero Technologies for Rs 350 crore as part of internal restructuring.
  https://www.deccanherald.com/business/companies/zomatos-parent-eternal-reports-q1-2026-net-profit-of-rs-92-crore-revenue-jumps-182-yoy-to-rs-20211-crore-4083413
  https://www.freepressjournal.in/business/zomato-parent-eternal-reports-92-crore-profit-for-q1-fy27-announces-business-transfer

BANKING
- ICICI Bank Q1 FY27: consolidated net profit up 13.9% YoY to Rs 15,440 crore (standalone +15.9% to Rs 14,804 crore); NII +12.7% to Rs 24,384 crore; asset quality improved (gross NPA 1.38% vs 1.67% a year ago). Reported ~July 18-20, 2026.
  https://www.business-standard.com/companies/quarterly-results/icici-bank-q1fy27-profit-rises-14-to-15-440-crore-nii-rises-12-3-126071800571_1.html

FINANCIAL SERVICES / NBFC
- CreditAccess Grameen Q1 FY27: PAT surged 720% YoY to Rs 493 crore as credit costs normalized and asset quality recovered (GNPA 2.18%, collection efficiency 97.4%); AUM up 16.4% YoY to Rs 30,319 crore. Management called it one of the strongest Q1s in company history. Reported July 24-25, 2026.
  https://www.investing.com/news/company-news/creditaccess-grameen-q1-fy27-slides-profit-surges-720-asset-quality-normalizes-93CH-4812042

REAL ESTATE & HOSPITALITY
- Prestige Estates acquired a 50% stake in Advent Convention & Hotels International for Rs 504 crore (agreement dated July 3, 2026) to develop a ~1.5 million sq ft commercial project in Sahar, Andheri, Mumbai (est. GDV Rs 4,500 crore).
  https://www.business-standard.com/industry/news/prestige-estates-acquires-50-stake-in-advent-hotels-for-504-crore-126070600494_1.html

ELECTRONICS MANUFACTURING
- Dixon Technologies: government approved (July 8, 2026) the Vivo-Dixon smartphone manufacturing JV (Dixon to hold 51%). Separately, Dixon's own Q1 FY27 results are scheduled for a board meeting/call on July 31, 2026.
  https://www.businesstoday.in/markets/stocks/story/dixon-technologies-stock-in-focus-on-jv-update-with-vivo-india-542145-2026-07-10
  https://scanx.trade/stock-market-news/companies/dixon-technologies-q1-results-earnings-call-scheduled-for-july-31/46455848

TELECOM
- Bharti Airtel fixed July 24, 2026 as the record date for a Rs 24/share final dividend, subject to shareholder approval at the AGM on August 3, 2026.
  https://www.businesstoday.in/markets/stocks/story/rs-24-dividend-per-share-bharti-airtel-fixes-record-date-for-payment-check-details-542177-2026-07-10

FERTILIZERS & CHEMICALS
- Paradeep Phosphates: board meets TODAY (July 28, 2026) to approve Q1 FY27 results and a Performance Stock Option Plan 2026. Separately, its rating was upgraded from Sell to Hold on July 22, 2026 on improving technicals, after FY26 net profit grew 52% YoY to Rs 1,000 crore.
  https://www.sahi.com/news/paradeep-phosphates-scheduled-to-review-q1-financial-results-2835-PE1_COR
  https://www.marketsmojo.com/news/stock-recommendation/paradeep-phosphates-ltd-upgraded-to-hold-as-technicals-improve-amid-mixed-financials-4117255

HEALTHCARE
- KIMS (Krishna Institute of Medical Sciences) approved a preferential issue of 77 lakh warrants to promoters at Rs 779 each, raising Rs 600 crore (EGM July 9, 2026), earmarked to retire debt and fund new hospital projects.
  https://www.kotakneo.com/news/stocks/kims-77-lakh-warrants-600-crore-promoters-preferential-issue-egm-july-2026/

AUTO COMPONENTS
- Sona Comstar (Sona BLW) Q1 FY27: revenue +54% YoY to Rs 1,310 crore, EBITDA +49% to Rs 303 crore (23.1% margin), PAT +45% to Rs 181 crore; won three new orders (EV, hybrid, ICE). Reported July 23, 2026.
  https://nsearchives.nseindia.com/corporate/SONACOMS_23072026165213_PressRelease.pdf

CONGLOMERATE / ENERGY
- Reliance Industries Q1 FY27: consolidated net profit fell 24.6% YoY to Rs 23,196 crore on higher oil prices/lower margins, even as revenue rose 25.4% to Rs 3,11,850 crore and recurring EBITDA hit a record Rs 54,067 crore (+10.1% YoY). Reported July 17, 2026. Separately, RIL received an administrative warning from SEBI around July 6, 2026.
  https://www.freepressjournal.in/business/reliance-industries-q1-fy27-profit-declines-to-23001-crore-revenue-rises-to-312-lakh-crore

IT SERVICES
- Birlasoft: board meets TODAY (July 28, 2026) to approve Q1 FY27 results, with an earnings call at 5:30 PM IST the same day.
  https://scanx.trade/stock-market-news/companies/birlasoft-to-host-q1fy27-earnings-call-on-july-28-2026/46165069

---
No material news surfaced today for: Defense (MAZDOCK, BEL, ZENTEC, GRSE, BDL, SOLARINDS, AVANTEL, DATAPATTNS), Capital Markets & Exchanges (CDSL, MCX, BSE), the uncategorized names (CPPLUS, INOXINDIA, GARFIBRES, KRN-BE, PTCIL, ROTO, ATLANTAELE, VOGL, VISL), NATIONALUM/VAML/VEDL/JINDALSAW/VEDPOWER, MAFANG, POLYCAB/KEI, MOTILALOFS, TATACOMM, and NETWORK18."
2026-07-28T13:17:49.925Z,Portfolio Digest — 2026-07-28 (13 updates),302ad8da-3490-4ffd-991a-e6f0be4fa02b,"Portfolio Digest — 2026-07-28 (13 updates)

DEFENSE
- DAC clears Rs 52,000 crore in defence acquisitions; BEL, BDL, Mazagon Dock, GRSE among gainers. Big order-book tailwind for the whole defense basket after the Defence Acquisition Council's approvals.
  Source: https://www.businesstoday.in/markets/stocks/story/bel-hal-bdl-mazagon-dock-target-prices-defence-stocks-to-buy-after-rs-52000-cr-dac-approvals-541060-2026-07-06
- Nifty India Defence index fell ~2% intraday (Jul 7) as BEL, Solar Industries, Data Patterns slipped on profit-booking despite a positive broader market. Short-term pullback after the DAC-approval rally, not a change in fundamentals.
  Source: https://upstox.com/news/market-news/stocks/bel-solar-industries-data-patterns-defence-stocks-slip-amid-positive-broader-market-move-nifty-india-defence-down-2/article-196511/

CAPITAL MARKETS & EXCHANGES
- MCX and BSE shares fell up to 5.5%, extending losses to a 4th session, after RBI's revised capital exposure norms (effective July 1) curbed bank financing for broker proprietary trading, and a Jefferies note ahead of NSE's IPO flagged NSE's superior profitability. Direct hit to trading-volume-linked revenue at both exchanges.
  Source: https://www.business-standard.com/markets/news/mcx-bse-shares-fall-up-to-5-5-extend-losses-to-4th-day-here-s-why-126070700549_1.html

METALS & MINING
- Vedanta group firms (Vedanta Ltd, Vedanta Aluminium Metal, Vedanta Iron & Steel, Vedanta Power) posted their first Q1 production updates since the May 2026 demerger. First real read on standalone operational health of the split entities.
  Source: https://upstox.com/news/market-news/stocks/vedanta-aluminium-vedanta-iron-and-steel-vedanta-group-firms-post-q1-updates-key-metrics-to-track/article-196409/

BANKING
- ICICI Bank Q1 FY27 profit rose 16% YoY to Rs 14,805 crore, with advances up 19.6% YoY and gross NPA improving to 1.38%. Broad-based, clean beat on growth and asset quality.
  Source: https://www.business-standard.com/markets/capital-market-news/icici-bank-q1-pat-rises-16-yoy-to-rs-14-805-crore-126072000255_1.html

CONGLOMERATE / ENERGY
- Reliance Industries: Jio Platforms' IPO is gaining traction (DRHP filed for ~27 crore fresh shares) and green-energy/digital growth continues to support the stock. A potential Jio listing is a major re-rating catalyst for the group.
  Source: https://www.latestly.com/business/reliance-industries-stock-update-jio-ipo-green-energy-drive-gains-7500681.html/amp

TELECOM
- Tata Communications received a Rs 7,800 crore show-cause-cum-demand notice from the Dept. of Telecom over AGR dues spanning FY06-FY24; the company plans to legally contest it. A material contingent-liability overhang, though litigation risk rather than an immediate cash outflow for now.
  Source: https://www.business-standard.com/companies/news/dot-issues-7-800-cr-demand-notice-to-tata-communications-over-agr-dues-125072700489_1.html

REAL ESTATE & HOSPITALITY
- Prestige Estates bought a 50% stake in Advent Convention and Hotels International for Rs 504 crore, expanding its commercial/hospitality real estate footprint; the stock rose over 2% on the news.
  Source: https://www.businesstoday.in/markets/stocks/story/advent-hotels-shares-zoom-17-after-rs-504-crore-stake-sale-in-subsidiary-to-prestige-estates-541138-2026-07-06

ELECTRONICS MANUFACTURING
- Dixon Technologies rose ~4% after announcing a foray into camera modules, broadening its contract-manufacturing product mix beyond mobiles. Brokerages are recalibrating target prices on the new vertical.
  Source: https://www.business-standard.com/amp/markets/news/dixon-rises-4-on-camera-module-foray-brokerages-decode-stock-strategy-125071600193_1.html

FERTILIZERS & CHEMICALS
- Paradeep Phosphates was upgraded from Sell to Hold (Jul 22) as technicals and valuation improved, even though quarterly financials remain soft (net profit down ~14.5% QoQ). Ratings tailwind despite a still-weak profit trend.
  Source: https://www.marketsmojo.com/news/stock-recommendation/paradeep-phosphates-ltd-upgraded-to-hold-as-technicals-improve-amid-mixed-financials-4117255

MEDIA
- Network18 swung to a Rs 38.36 crore consolidated net loss in Q1 FY27 (vs a Rs 148.85 crore profit a year ago) despite 10.3% revenue growth; shares fell 4.2% on the print. Margin/cost pressure is outweighing top-line growth.
  Source: https://univest.in/blogs/network18-media-and-investments-share-price-q1-results-16-july-2026

INTERNET
- Eternal (Zomato) shares jumped up to 6% on heavy volume (Jul 27), part of a ~12% gain for the stock in July, alongside Swiggy, as platform stocks rallied. No single catalyst cited beyond broad sector buying/volume.
  Source: https://www.business-standard.com/markets/news/eternal-swiggy-up-over-5-on-huge-volume-what-s-driving-platform-stocks-126072700414_1.html

FINANCIAL SERVICES / NBFC
- CreditAccess Grameen rose 3% after Motilal Oswal reiterated a Buy rating with a Rs 1,780 target (16% upside), citing its shift from pure microfinance to a diversified rural lending platform.
  Source: https://www.business-standard.com/markets/news/creditaccess-grameen-gains-3-as-mofsl-reiterates-buy-sees-16-upside-126070200261_1.html

---
No material news this cycle for: Power generation names (NTPC, RECLTD, JSWENERGY, BHEL, PFC, TATAPOWER, JSWINFRA), Industrials & Capital Goods (POLYCAB, KEI, ABB), CDSL, the uncategorized basket (CPPLUS, INOXINDIA, GARFIBRES, KRN-BE, PTCIL, ROTO, ATLANTAELE, VOGL, VISL), JINDALSAW/JSWSTEEL/NATIONALUM/VEDPOWER (beyond the group update above), MAFANG, MOTILALOFS, INDHOTEL, KIMS, SONACOMS, BSOFT.

This digest is auto-generated from web search results; verify before trading."
2026-07-28T14:07:22.082Z,Portfolio Digest — 2026-07-28 (37 updates),bcac5f05-d48b-4936-8d69-a06a2398d5fe,"PORTFOLIO DIGEST — 2026-07-28
37 updates across 18 segments with material news

=========================================
POWER & UTILITIES
=========================================

NTPC
- Q1 FY27 results: standalone net profit Rs 5,342 cr, consolidated PAT Rs 6,896 cr, standalone revenue Rs 43,832 cr (+3% YoY) — steady earnings growth.
  https://www.psuconnect.in/financial/ntpc-q1-fy27-results-net-profit-5342-cr

RECLTD
- Q1 FY27 profit up ~23% YoY to Rs 4,149-4,192 cr; board declared first interim dividend of Rs 4.25/share and approved a draft merger scheme with PFC (88 REC shares for every 100 PFC shares) — combines India's two largest power-sector NBFCs.
  https://indianmasterminds.com/news/rec-q1-fy27-results-net-profit-interim-dividend-pfc-merger-219157/

PFC
- Q1 PAT grew 24% YoY to Rs 6,866 cr; is the other party to the REC merger announced above.
  https://www.business-standard.com/amp/markets/capital-market-news/pfc-q1-pat-grows-24-yoy-to-rs-6-866-crore-125080600936_1.html

JSW ENERGY
- Acquired additional stake in TJPS (thermal JV) while divesting a partial stake in JSW Steel (Jul 6) — portfolio restructuring ahead of capacity expansion.
  https://indianinfrastructure.com/2026/07/06/jsw-energy-acquires-additional-stake-in-tjps-and-divests-partial-stake-in-jsw-steel/

JSW INFRASTRUCTURE
- Completed a Rs 7,503 cr QIP with institutional demand over Rs 50,350 cr — significant deleveraging plus a capex war chest for port expansion.
  https://www.business-standard.com/companies/news/jsw-infra-completes-rs-7-503-crore-qip-draws-strong-institutional-demand-126070101365_1.html

BHEL
- Flagged for delayed supply of critical components across several NTPC projects — an execution/reputational negative.
  https://www.businesstoday.in/markets/stocks/story/suzlon-bhel-adani-power-waaree-adani-green-tata-power-check-fresh-ratings-targets-542841-2026-07-14

=========================================
DEFENSE
=========================================

SECTOR-WIDE
- Defense Acquisition Council approved ~Rs 52,000 cr of procurement proposals (Jul 6), lifting BEL, BDL, Mazagon Dock, GRSE and Solar Industries; fresh analyst targets followed.
  https://www.businesstoday.in/markets/stocks/story/bel-hal-bdl-mazagon-dock-target-prices-defence-stocks-to-buy-after-rs-52000-cr-dac-approvals-541060-2026-07-06

BEL
- Secured ~Rs 572 cr in fresh defense/electronics orders (communication equipment, avionics, encryptors, EVMs), disclosed Jul 13-14; Q1 FY27 earnings call Jul 27.
  https://www.business-standard.com/markets/capital-market-news/bel-bags-rs-572-crore-in-fresh-defence-electronics-orders-126071400107_1.html

MAZAGON DOCK (MAZDOCK)
- INS Mahendragiri (4th Nilgiri-class frigate built by MDL) commissioned into the Indian Navy on Jul 11 — a delivery milestone; Q1 FY27 results due Jul 30.

GRSE
- Won an L1 bid to supply a 15-ton Electric Bollard Pull Tug (~Rs 40 cr) to Kolkata Port; Q1 FY27 results due Jul 29.

=========================================
INDUSTRIALS & CAPITAL GOODS
=========================================

POLYCAB
- Q1 FY27: revenue up 39% YoY to Rs 8,209.73 cr, net profit up 32.8% to Rs 796.65 cr, EBITDA up 32.5%; wires & cables +39%, FMEG hit record revenue.
  https://www.business-standard.com/companies/quarterly-results/polycab-india-q1fy27-profit-revenue-results-126071600658_1.html

ABB INDIA
- Parent ABB's Q2 global results showed record orders; ABB India order inflow surged 81% YoY (vs ~20% consensus) — a 4x beat. Shares jumped 10% to a record high of Rs 7,924.50 (Jul 16).
  https://www.business-standard.com/amp/markets/capital-market-news/abb-india-spurts-after-parent-highlights-robust-india-order-inflows-126071600737_1.html

=========================================
CAPITAL MARKETS & EXCHANGES
=========================================

CDSL
- SEBI approved (Jul 8 letter) CDSL's proposal to invest Rs 20 cr in India International Bullion Holding IFSC Ltd; stock rallied ~6% (Jul 10). Also declared a Rs 12.75/share cash dividend, ex-date Jul 17.
  https://www.angelone.in/news/stocks/cdsl-share-price-rallies-over-6-on-july-10-2026-after-sebi-approves-20-crore-iibhl-investment

=========================================
METALS & MINING
=========================================

JSW STEEL
- Q1 FY27 consolidated net profit jumped 113% YoY to Rs 4,651 cr, revenue up 9.8% to Rs 47,364 cr, beating estimates; exports up 46% YoY.
  https://www.business-standard.com/companies/quarterly-results/jsw-steel-q1fy27-profit-revenue-ebitda-results-126071700690_1.html

NATIONAL ALUMINIUM (NALCO)
- Signed a JV with NLCIL (Jul 8) for a 1,080 MW captive power plant at Angul to support smelter expansion; also flagged a ~500,000 tpy expansion (Jul 21) within a Rs 28,000-30,000 cr capex program.
  https://www.alcircle.com/news/nalco-shares-extend-gains-for-third-straight-trading-session-120337

JINDAL SAW
- Q1 FY27 consolidated net profit fell 75% YoY to ~Rs 104 cr despite revenue +9%, hurt by Abu Dhabi unit disruption from MENA maritime route closures.
  https://www.steelorbis.com/steel-news/latest-news/indias-jindal-saw-limited-sees-consolidated-net-profit-fall-75-percent-in-q1-of-fy-2026-27-1464628.htm

Note: Vedanta completed a 4-way demerger on Jun 15, 2026 — VAML (Vedanta Aluminium), VOGL (Vedanta Oil & Gas), VEDPOWER (Vedanta Power) and VISL (Vedanta Iron & Steel) now trade alongside residual VEDL (zinc/copper). No fresh company-specific news this week beyond Q1 earnings calls scheduled for Jul 30.

=========================================
UNCATEGORIZED
=========================================

INOX INDIA (INOXINDIA)
- Secured orders worth Rs 939 cr since May 21 (industrial gas, LNG, cryo-scientific, beverage kegs), disclosed Jul 8; stock jumped over 5%.
  https://www.business-standard.com/markets/capital-market-news/inox-india-jumps-after-securing-orders-worth-rs-939-crore-since-may-126070800316_1.html

GARWARE TECHNICAL FIBRES (GARFIBRES)
- Recommended an FY26 final dividend of Rs 1/share (on top of Rs 8/share interim already paid).
  https://www.indmoney.com/stocks/dividend/garware-technical-fibres-ltd-dividend

KRN HEAT EXCHANGER (KRN-BE)
- Subsidiary KRN HVAC Products secured a Rs 50.87 cr domestic order for heat exchanger coils; stock still hit a 5% lower circuit (Jul 16) amid heavy selling despite the order.
  https://tradebrains.in/krn-heat-exchanger-arm-bags-50-87-cr-order-for-cooling-coils/

PTC INDUSTRIES (PTCIL)
- Won a 2.5-year DRDO order to design/develop a titanium cradle for the Indian Light Weight Tank (~Jul 23), plus a development order from Gun Factory Kanpur for artillery gun components (~Jul 24) — continued strong defense order momentum.
  https://scanx.trade/stock-market-news/companies/ptc-industries-secures-major-development-order-for-artillery-gun-parts-from-gun-factory-kanpur/46419995

ROTO PUMPS (ROTO)
- Recommended a final dividend of Rs 0.19/share for FY26; Noida factory building completed (Jul 13, certificates applied for).
  https://www.screener.in/company/ROTO/consolidated/

ATLANTA ELECTRICALS (ATLANTAELE)
- Q1 FY27: consolidated PAT up 50% YoY to Rs 46.84 cr, revenue up 48% to Rs 466.33 cr; order book at Rs 3,116.63 cr (+25% QoQ); also won a Rs 285.2 cr LoA from PSTCL for 23 power transformers.
  https://www.freepressjournal.in/business/atlanta-electricals-q1-fy27-profit-rises-50-to-4684-crore-revenue-jumps-48

=========================================
INTERNET
=========================================

ETERNAL (formerly Zomato)
- Board approved Q1 FY27 results (Jul 22); Nugget business transferred to CTPL for Rs 35 cr; management flagged no visible input-cost impact on Blinkit; AGM set for Aug 26.
  https://www.bajajbroking.in/stock/eternal-limited-share-price

=========================================
BANKING
=========================================

ICICI BANK
- Q1 FY27 net profit up ~14-16% YoY to ~Rs 14,805-15,440 cr; NII up ~12%, advances up 19.6%, deposits up 14%; net NPA improved to 0.35%. Strong all-round quarter.
  https://www.sahi.com/blogs/icici-bank-q1-fy27-results

=========================================
FINANCIAL SERVICES / NBFC
=========================================

MOTILAL OSWAL FINANCIAL SERVICES (MOTILALOFS)
- Q1 FY27 net profit swung to Rs 1,273-1,513 cr (vs a loss the prior quarter); CRISIL upgraded its rating to AA+ Stable; total income up 27% QoQ.
  https://businessupturn.com/finance/stock-market/quarterly-results/motilal-oswal-financial-services-q1-results-net-profit-surges-to-rs-1-273-crore-total-income-rises-27-qoq/

CREDITACCESS GRAMEEN (CREDITACC)
- Q1 FY27 PAT surged 720% YoY to Rs 493 cr; AUM up 16.4% to Rs 30,319 cr; record disbursements of Rs 6,107 cr; asset quality normalizing (90+ DPD down to 1.5% from 2.3%).
  https://www.investing.com/news/company-news/creditaccess-grameen-q1-fy27-slides-profit-surges-720-asset-quality-normalizes-93CH-4812042

=========================================
REAL ESTATE & HOSPITALITY
=========================================

PRESTIGE ESTATES (PRESTIGE)
- Signed an agreement to acquire a 50% stake in Advent Convention and Hotels International for Rs 504 cr (Jul 3), gaining a Mumbai (Sahar, Andheri) commercial site; also launched ~Rs 12,000 cr of new projects across Hyderabad, Bengaluru and Mumbai.
  https://www.nobroker.in/news/real-estate/prestige-group-unveils-%E2%82%B912000-crore-housing-projects-amid-strong-homebuyer-demand/

INDIAN HOTELS (INDHOTEL)
- Q1 FY27 PAT up ~21% YoY to Rs 358 cr — 17th consecutive record quarter; revenue up ~15% to Rs 2,339 cr; signed 20 new hotels, opened 11 (incl. Frankfurt and Kruger National Park).
  https://www.business-standard.com/markets/capital-market-news/indian-hotels-company-q1-pat-jumps-21-yoy-to-rs-358-cr-126072200533_1.html

=========================================
ELECTRONICS MANUFACTURING
=========================================

DIXON TECHNOLOGIES
- Vivo India JV cleared its final hurdle: government (PN3/DPIIT) approval granted Jul 8, definitive JV and shareholders' agreements signed (51:49 Dixon:Vivo).
  https://upstox.com/news/market-news/stocks/dixon-technologies-shares-in-focus-as-vivo-india-jv-gets-government-approval-agreements-signed/article-196668/

=========================================
TELECOM
=========================================

TATA COMMUNICATIONS (TATACOMM)
- Q1 FY27: revenue up 10% YoY to Rs 6,580 cr, but net profit down 29% YoY to Rs 134 cr; EBITDA up 8.2%; digital portfolio revenue up 17.1%. Margin pressure is the standout negative.
  https://upstox.com/news/market-news/earnings/news-2-0-145/article-197366/

=========================================
FERTILIZERS & CHEMICALS
=========================================

PARADEEP PHOSPHATES (PARADEEP)
- Q1 FY27 consolidated net profit up 24% YoY to Rs 392.5 cr, revenue up to Rs 6,124 cr — strong YoY and sequential growth on higher volumes/realizations.
  https://www.freepressjournal.in/business/paradeep-phosphates-q1-profit-rises-to-3925-crore-revenue-climbs-to-6124-crore

=========================================
HEALTHCARE
=========================================

KIMS (Krishna Institute of Medical Sciences)
- Shareholders approved (EGM, Jul 9) issuance of 77,02,182 warrants to promoters and redesignated Adwik Bollineni to Executive Director for 5 years — a governance/dilution event to watch.
  https://www.whalesbook.com/corporate-news/English/bankingfinance/KIMS-Hospitals-Shareholders-Approve-Promoter-Warrants-Director-Change-at-EGM/6a523f77adc106bd16fc420b

=========================================
AUTO COMPONENTS
=========================================

SONA BLW / SONA COMSTAR (SONACOMS)
- Q1 FY27: revenue up 54% YoY to Rs 1,310 cr, EBITDA up 49% (margin 23.1%), PAT up 45% to Rs 181 cr, plus 3 new EV/hybrid/ICE orders.
  https://www.sahi.com/news/sona-blw-precision-forgings-schedules-q1-fy27-earnings-call-for-july-23-3153-PE1_COR
- Board approved a slump-sale of its low-voltage EV drivetrain business to subsidiary Sona Comstar eDrive for Rs 893.2 cr, alongside a DENSO partnership for high-voltage EV tech (Rs 857.5 cr cash) — major restructuring plus a strategic tie-up.
  https://www.sahi.com/news/sona-blw-approves-ev-business-transfer-for-8-932-million-partners-with-denso-for-jv-3153-PE1_COR

=========================================
CONGLOMERATE / ENERGY
=========================================

RELIANCE INDUSTRIES
- Q1 FY27: consolidated revenue up 25.4% YoY to Rs 3,11,850 cr, record EBITDA of Rs 54,067 cr (+10.1%), but net profit fell 22.3% YoY to Rs 20,946 cr. Jio subscribers grew to 533 million; Retail revenue +12%. Mixed print despite record EBITDA.
  https://www.business-standard.com/companies/quarterly-results/reliance-industries-q1fy27-results-net-profit-falls-22-4-20-946-crore-126071701147_1.html

=========================================
IT SERVICES
=========================================

BIRLASOFT (BSOFT)
- Q1 FY27: net profit down 8.5% QoQ to Rs 161 cr on flattish revenue (Rs 1,379.4 cr) — a soft quarter. Also declared a Rs 6.50/share FY26 dividend (record date Jul 10).
  https://www.freepressjournal.in/business/birlasoft-net-profit-drops-849-to-161-crore-in-q1-fy27-revenue-up-marginally

=========================================
MEDIA
=========================================

NETWORK18 MEDIA & INVESTMENTS
- Q1 FY27: swung to a consolidated net loss of Rs 38.36 cr (vs a Rs 148.85 cr profit a year earlier), even as revenue grew 10.3% to Rs 516.26 cr on one-off election ad spend; stock fell 4.19% on the print.
  https://univest.in/blogs/network18-media-and-investments-share-price-q1-results-16-july-2026

=========================================
No material news this week for: TATAPOWER, ZENTEC, BDL, SOLARINDS, AVANTEL, DATAPATTNS, KEI, MCX, BSE, VEDL, VAML, VOGL, VISL, VEDPOWER, CPPLUS, MAFANG, SBIN, BHARTIARTL — skipped as non-material or results not yet released.
========================================="
2026-07-28T19:22:04.054Z,Portfolio Digest — 2026-07-28 (38 updates),a80d761b-4f87-4196-bb2c-723c03554cfe,"PORTFOLIO DIGEST — 2026-07-28 (38 updates)

Heavy Q1 FY27 earnings-season week across most segments. Grouped by segment below.

=== POWER & UTILITIES ===

- NTPC: Q1 FY27 net profit up 11.9% YoY to Rs 5,342.4 cr; revenue +3% YoY, coal PLF of 76.71% beat the national average. (2026-07-27)
  https://www.businesstoday.in/markets/stocks/story/top-stocks-in-news-ntpc-jindal-steel-bank-of-baroda-nbcc-idfc-first-tcpl-sbi-cards-rec-545299-2026-07-27

- REC & PFC: Boards approved a merger of REC into PFC via an 88:100 share swap (appointed date 2027-04-01), creating a combined loan book over Rs 11 lakh crore. Both also declared dividends with record date 2026-07-31 (REC interim Rs 4.25/share; PFC final Rs 3.95/share). (2026-07)
  https://www.mercomindia.com/daily-news-wrap-up-pfc-rec-boards-approve-merger-share-swap-ratio
  https://www.angelone.in/news/stocks/pfc-declares-final-dividend-for-fy26-sets-record-date-of-july-31-2026

- BHEL: Q1 FY27 returned to profit (~Rs 377-382 cr vs a year-ago loss); revenue +40.3% YoY, record order book of Rs 2.60 lakh crore. Broker views split (JM/Phillip Capital bullish, JPMorgan underweight). (2026-07-16)
  https://rakesh-jhunjhunwala.in/bhel-has-a-record-order-book-of-%E2%82%B92-60-lakh-cr-which-provides-strong-multi-year-visibility-target-price-is-%E2%82%B9575-31-upside-icici-direct/

- TATAPOWER: Q1 FY27 profit up 11% YoY to Rs 1,401 cr; revenue +8% to Rs 18,898 cr; capex over Rs 5,000 cr deployed in the quarter. (2026-07-27)
  https://www.businesstoday.in/markets/stocks/story/tata-power-q1-profit-rises-11-to-rs-1176-crore-revenue-up-6-capex-tops-rs-5300-crore-545509-2026-07-27

- JSWENERGY: Q1 FY27 profit fell ~36-37% YoY to ~Rs 532 cr on higher finance costs/depreciation, despite adding 1,081 MW capacity in the quarter. (2026-07-22)
  https://www.business-standard.com/companies/news/jsw-energy-q1fy27-profit-revenue-ebitda-capacity-126072201014_1.html

(JSWINFRA: nothing material found.)

=== DEFENSE ===

- BEL: Q1 FY27 net profit up 9% YoY to Rs 1,054 cr, revenue +25% to Rs 5,533 cr, order book at Rs 72,258 cr; also bagged Rs 572 cr of fresh defence/electronics orders. (2026-07-27, 2026-07-14)
  https://www.businesstoday.in/markets/stocks/story/bel-q1-results-net-profit-rises-revenue-at-rs-5533-crore-545488-2026-07-27
  https://www.business-standard.com/markets/capital-market-news/bel-bags-rs-572-crore-in-fresh-defence-electronics-orders-126071400107_1.html

- MAZDOCK / BDL: Target prices raised after the DAC cleared ~Rs 52,000 cr of capital acquisition proposals; the ~Rs 90,000 cr P75I submarine deal is reportedly nearing final negotiation, with contract signing expected around September 2026. (2026-07-06)
  https://www.businesstoday.in/markets/stocks/story/bel-hal-bdl-mazagon-dock-target-prices-defence-stocks-to-buy-after-rs-52000-cr-dac-approvals-541060-2026-07-06

(ZENTEC, GRSE, SOLARINDS, AVANTEL, DATAPATTNS: nothing material found.)

=== INDUSTRIALS & CAPITAL GOODS ===

- POLYCAB: Q1 FY27 net profit up 33% YoY to Rs 796.65 cr, revenue +39%; but Kotak Institutional Equities initiated/reiterated ""Sell"" on Polycab, KEI and RR Kabel over margin risk once UltraTech enters the cables business (~mid-August 2026). (2026-07-16, 2026-06-22)
  https://www.business-standard.com/companies/quarterly-results/polycab-india-q1fy27-profit-revenue-results-126071600658_1.html
  https://www.businesstoday.in/markets/stocks/story/polycab-india-rr-kabel-kei-industries-why-kotak-has-sell-these-three-stocks-538463-2026-06-22

- ABB: Shares jumped 6.8% after parent ABB Ltd's Q2 2026 results showed India order inflows up 81% YoY, far outpacing ~20% consensus; ABB India's own Q1 FY27 results are due 2026-07-31. (2026-07-16)
  https://www.business-standard.com/amp/markets/capital-market-news/abb-india-spurts-after-parent-highlights-robust-india-order-inflows-126071600737_1.html

=== CAPITAL MARKETS & EXCHANGES ===

- CDSL: SEBI approved a Rs 20 cr additional investment in India International Bullion Holding IFSC (GIFT City); stock rallied over 6%. Separately, SEBI fined CDSL Rs 1 cr over a 2022 malware incident. (2026-07-09/10)
  https://www.angelone.in/news/stocks/cdsl-share-price-rallies-over-6-on-july-10-2026-after-sebi-approves-20-crore-iibhl-investment
  https://scanx.trade/stock-market-news/companies/cdsl-fined-1-cr-by-sebi-over-2022-malware-incident/46177730

- MCX & BSE: Shares fell up to 5.5% over four sessions after RBI's revised capital exposure norms (effective July 1) cut derivatives trading volumes; a Jefferies note ahead of NSE's IPO added pressure. (2026-07-07)
  https://www.business-standard.com/markets/news/mcx-bse-shares-fall-up-to-5-5-extend-losses-to-4th-day-here-s-why-126070700549_1.html

=== BANKING ===

- ICICIBANK: Q1 FY27 standalone profit up 15.9% YoY to Rs 14,804.5 cr; NII up 12.7% to Rs 24,384 cr. (2026-07-18)
  https://www.business-standard.com/companies/quarterly-results/icici-bank-s-q1fy27-standalone-profit-rises-15-9-to-rs-14-804-cr-126071800665_1.html

- SBIN: Board approved raising up to Rs 60,000 cr in FY27 via bonds/AT1/Tier 2. SBI Funds Management (SBI/Amundi JV) also listed after its IPO was subscribed 41.66x. Q1 FY27 results due at the Aug 7 board meeting. (2026-07-21/24)
  https://www.bankingfinance.in/banking-news-for-july-2026.html

=== FINANCIAL SERVICES / NBFC ===

- MOTILALOFS: Q1 FY27 consolidated PAT of Rs 1,273 cr, a sharp turnaround from the prior quarter's loss of Rs 221.3 cr; CRISIL upgraded the rating to AA+/Stable. (2026-07-23)
  https://businessupturn.com/finance/stock-market/quarterly-results/motilal-oswal-financial-services-q1-results-net-profit-surges-to-rs-1-273-crore-total-income-rises-27-qoq/

- CREDITACC: Q1 FY27 net profit surged 720% YoY to Rs 493 cr; GNPA improved to 2.18% from 4.70%. Motilal Oswal reiterated Buy with an ~18-19% upside target. (2026-07-24/25)
  https://www.investing.com/news/company-news/creditaccess-grameen-q1-fy27-slides-profit-surges-720-asset-quality-normalizes-93CH-4812042

=== REAL ESTATE & HOSPITALITY ===

- PRESTIGE: Acquired a 50% stake in Advent Hotels for Rs 504 cr, forming a JV to develop a 1.5 million sq ft Mumbai commercial project with an estimated GDV of Rs 4,500 cr. (2026-07-03/06)
  https://www.business-standard.com/industry/news/prestige-estates-acquires-50-stake-in-advent-hotels-for-504-crore-126070600494_1.html

- INDHOTEL: Q1 FY27 net profit up ~21% YoY to Rs 358 cr; revenue +14.6%; signed 20 new hotels and opened 11 in the quarter. (2026-07-22)
  https://www.business-standard.com/markets/capital-market-news/indian-hotels-company-q1-pat-jumps-21-yoy-to-rs-358-cr-126072200533_1.html

=== ELECTRONICS MANUFACTURING ===

- DIXON: Dixon-Vivo India smartphone-manufacturing JV (Dixon 51% / Vivo 49%) received regulatory approval; stock rallied ~5%. Q1 FY27 earnings call scheduled for 2026-07-31. (2026-07-08/10)
  https://www.businesstoday.in/markets/stocks/story/dixon-technologies-stock-in-focus-on-jv-update-with-vivo-india-542145-2026-07-10

=== TELECOM ===

- TATACOMM: Q1 FY27 profit fell 29% YoY to Rs 134 cr despite revenue up 10% to Rs 6,580 cr; digital portfolio revenue grew 17.1% but overall results missed estimates. (2026-07-22)
  https://upstox.com/news/market-news/earnings/news-2-0-145/article-197366/

(BHARTIARTL: no material news this week; Q1 FY27 results due 2026-08-04.)

=== AUTO COMPONENTS ===

- SONACOMS: Q1 FY27 revenue up 54% YoY to Rs 1,310 cr, PAT up 45% to Rs 181 cr. Also formed two JVs with Japan's Denso for EV/hybrid powertrain systems, transferring its EV drivetrain business for Rs 893.2 cr. (2026-07-22/23)
  https://www.businesstoday.in/auto/story/sona-blw-denso-alliance-to-make-ev-and-hybrid-powertrain-systems-544598-2026-07-22

=== FERTILIZERS & CHEMICALS ===

- PARADEEP: Rating upgraded to Hold from Sell on improving technicals; Q1 FY27 results due for review today, 2026-07-28. (2026-07-22)
  https://www.marketsmojo.com/news/stock-recommendation/paradeep-phosphates-ltd-upgraded-to-hold-as-technicals-improve-amid-mixed-financials-4117255

=== HEALTHCARE ===

- KIMS: Shareholders approved a Rs 600 cr promoter warrant issue (77 lakh warrants at Rs 779 each) at an EGM; stock hit an all-time high of Rs 858.15 days earlier. (2026-07-06/09)
  https://www.whalesbook.com/corporate-news/English/bankingfinance/KIMS-Hospitals-Shareholders-Approve-Promoter-Warrants-Director-Change-at-EGM/6a523f77adc106bd16fc420b

=== CONGLOMERATE / ENERGY ===

- RELIANCE: Q1 FY27 revenue up ~25%, EBITDA up 10% to over Rs 54,000 cr, driven by Jio (533M subscribers) and retail (+12% revenue); refining hit by Middle East crude supply disruptions. (2026-07-17)
  https://trendlyne.com/latest-news/1127/RELIANCE/reliance-industries-ltd/

=== IT SERVICES ===

- BSOFT: FY26 revenue down 1.2% to Rs 5,310 cr but EBITDA up 24.2%; declared a Rs 6.50/share dividend (record date July 10); downgraded to Sell on July 21 amid weakening technicals. (2026-07-21/28)
  https://www.whalesbook.com/corporate-news/English/technology/Birlasoft-FY26-Revenue-Down-12percent-to-indian-rupee5310-Cr-Profit-Flat-Margins-Expand/6a4770837e4cc8ec72e4779d

=== MEDIA ===

- NETWORK18: Q1 FY27 consolidated revenue up 10.3% to Rs 516 cr, but a consolidated loss of Rs 38.36 cr. (2026-07-15)
  https://nsearchives.nseindia.com/corporate/Shambhu_15072026182223_NW18_Investor_Release_15072026.pdf

=== INTERNET ===

- ETERNAL: Q1 FY27 net profit of Rs 92 cr, revenue up 182% YoY to Rs 20,211 cr, led by food delivery and Blinkit quick-commerce growth. (2026-07-22)
  https://www.deccanherald.com/business/companies/zomatos-parent-eternal-reports-q1-2026-net-profit-of-rs-92-crore-revenue-jumps-182-yoy-to-rs-20211-crore-4083413

(MAFANG: no corporate-action news; only routine NAV/AUM data.)

=== METALS & MINING ===

- JSWSTEEL: Q1 FY27 net profit more than doubled YoY to ~Rs 4,651 cr; net debt cut to Rs 46,157 cr after a second-tranche JFE equity infusion; shares near a 52-week high. (2026-07-17)
  https://www.business-standard.com/companies/quarterly-results/jsw-steel-q1fy27-profit-revenue-ebitda-results-126071700690_1.html

- VEDL group: The Vedanta demerger (completed 2026-06-15) created four new listed entities — VAML, VEDPOWER, Vedanta Iron & Steel, and Vedanta Oil & Gas — alongside residual VEDL. VAML's board considers Q1 results and a first interim dividend on 2026-07-30. VEDPOWER shares fell 6.3% on 2026-07-05 despite power sales up 38% YoY.
  https://upstox.com/news/market-news/stocks/vedanta-aluminium-dividend-board-to-consider-first-interim-payout-on-july-30-check-record-date/article-197643/
  https://upstox.com/news/market-news/stocks/vedanta-power-q1-update-power-sales-rise-38-yo-y-to-5-225-mu-shares-in-focus/article-196401/

- NATIONALUM: Signed a 50:50 JV with NLC India for a 1,080 MW captive power plant at Angul; Q1 FY27 results due 2026-07-31. (2026-07-08)
  https://www.sahi.com/news/national-aluminium-company-set-to-review-q1-fy27-earnings-935-PE1_CORP

- JINDALSAW: Q1 FY27 net profit plunged 75% YoY to Rs 104 cr on MENA/Abu Dhabi shipping disruption; shares fell ~6%. Also announced a new Saudi JV for welded pipe production. (2026-07-14)
  https://upstox.com/news/market-news/stocks/jindal-saw-shares-drop-6-after-q1-net-profit-shrinks-75-yo-y-key-things-to-know-1/article-196905/

=== UNCATEGORIZED ===

- CPPLUS (Aditya Infotech): Fixed a Rs 1.64/share final dividend, record date 2026-07-20. (2026-07-20)
  https://www.whalesbook.com/corporate-news/English/sebiexchange/Aditya-Infotech-Final-Dividend-indian-rupee164-Per-Share-Declared-July-20-Record-Date/6a4e360cadc106bd16f827ee

- INOXINDIA: Stock jumped 5%+ after securing Rs 939 cr in new orders since May 21, including a ""mega"" space-exploration contract. (2026-07-08)
  https://www.business-standard.com/markets/capital-market-news/inox-india-jumps-after-securing-orders-worth-rs-939-crore-since-may-126070800316_1.html

- KRN-BE (KRN Heat Exchanger): Subsidiary bagged a Rs 50.87 cr domestic heat-exchanger coil order, roughly 23% of the subsidiary's FY26 turnover. (2026-07-23)
  https://tradebrains.in/krn-heat-exchanger-arm-bags-50-87-cr-order-for-cooling-coils/

- PTCIL (PTC Industries): Secured a landmark BrahMos Aerospace order for a strategic missile subsystem, plus recent DRDO/GTRE and ISRO titanium orders; board approved a Rs 1,800 cr QIP. (2026-07-17)
  https://www.business-standard.com/markets/capital-market-news/ptc-industries-secures-landmark-order-from-brahmos-aerospace-126071700784_1.html

- ROTO (Roto Pumps): Q1 results weak — PAT down 55.5% YoY, PBT down 44.4%. (2026-07-16)
  https://www.marketsmojo.com/news/stock-recommendation/roto-pumps-ltd-upgraded-to-sell-on-technical-improvements-despite-financial-challenges-4105793

- ATLANTAELE (Atlanta Electricals): Won a Rs 285.15 cr PSTCL transformer order; Q2 net profit up 70% YoY to Rs 53.09 cr. (2026-07-21)
  https://scanx.trade/stock-market-news/companies/atlanta-electricals-wins-285-15-crore-order-from-pstcl/42053060

- VOGL (Vedanta Oil & Gas): Jumped up to 8% after the Delhi HC cleared a $99M Ravva arbitral award (releasing ~Rs 450 cr in bank guarantees); Q1 output fell 17% YoY and the company faces a fresh ~$37M ONGC enforcement petition. (2026-07-09/21)
  https://www.business-standard.com/markets/capital-market-news/vedanta-oil-gas-ends-higher-after-delhi-hc-backs-99-million-arbitral-award-126070900835_1.html

- VISL (Vedanta Iron & Steel): Promoter group encumbered 56.38% of shares under a $2.25B Vedanta Resources facility agreement, for refinancing group debt — a governance-relevant pledge disclosure. (2026-07-20/22)
  https://scanx.trade/stock-market-news/companies/vedanta-iron-steel-promoter-shares-encumbered-for-us-2-25b-facility/46694963

(GARFIBRES: only a stale technical rating tweak from June 22 found; omitted as not sufficiently material/recent.)"
